Frame,Time,Cursor Position X,Cursor Position Y,Cursor Position Z,Cursor Velocity X,Cursor Velocity Y,Cursor Velocity Z
1,0,0,0,0,0,0,0
2,0.02,0.06965958,0.03118487,-0.2429629,0,0,0
3,0.289496,0.06965006,0.03103679,-0.2429137,0,0,0
4,0.3011096,0.06965006,0.03103679,-0.2429137,0,0,0
5,0.3053701,0.06965006,0.03103679,-0.2429137,0,0,0
6,0.3063329,0.06965006,0.03103679,-0.2429137,0,0,0
7,0.3071583,0.06965006,0.03103679,-0.2429137,0,0,0
8,0.3080451,0.06965006,0.03103679,-0.2429137,0,0,0
9,0.3088954,0.06965006,0.03103679,-0.2429137,0,0,0
10,0.3095953,0.06965006,0.03103679,-0.2429137,0,0,0
11,0.3102403,0.06965006,0.03103679,-0.2429137,0,0,0
12,0.3108653,0.06965006,0.03103679,-0.2429137,0,0,0
13,0.3114939,0.06965006,0.03103679,-0.2429137,0,0,0
14,0.312126,0.06965006,0.03103679,-0.2429137,0,0,0
15,0.3127536,0.06965006,0.03103679,-0.2429137,0,0,0
16,0.3133773,0.06965006,0.03103679,-0.2429137,0,0,0
17,0.3140019,0.06965006,0.03103679,-0.2429137,0,0,0
18,0.3146124,0.06965006,0.03103679,-0.2429137,0,0,0
19,0.315282,0.06965006,0.03103679,-0.2429137,0,0,0
20,0.3159296,0.06965006,0.03103679,-0.2429137,0,0,0
21,0.3165743,0.06965006,0.03103679,-0.2429137,0,0,0
22,0.3172014,0.06965006,0.03103679,-0.2429137,0,0,0
23,0.3178375,0.06965006,0.03103679,-0.2429137,0,0,0
24,0.3184696,0.06965006,0.03103679,-0.2429137,0,0,0
25,0.3191215,0.06965006,0.03103679,-0.2429137,0,0,0
26,0.3198354,0.06965006,0.03103679,-0.2429137,0,0,0
27,0.3204669,0.06965006,0.03103679,-0.2429137,0,0,0
28,0.3212417,0.06965006,0.03103679,-0.2429137,0,0,0
29,0.3218847,0.06965006,0.03103679,-0.2429137,0,0,0
30,0.3225213,0.06965006,0.03103679,-0.2429137,0,0,0
31,0.3231593,0.06965006,0.03103679,-0.2429137,0,0,0
32,0.3238553,0.06965006,0.03103679,-0.2429137,0,0,0
33,0.3247145,0.06965006,0.03103679,-0.2429137,0,0,0
34,0.3254181,0.06965006,0.03103679,-0.2429137,0,0,0
35,0.3260681,0.06965006,0.03103679,-0.2429137,0,0,0
36,0.3267216,0.06965006,0.03103679,-0.2429137,0,0,0
37,0.3274805,0.06965006,0.03103679,-0.2429137,0,0,0
38,0.3281382,0.06965006,0.03103679,-0.2429137,0,0,0
39,0.3287753,0.06965006,0.03103679,-0.2429137,0,0,0
40,0.3294045,0.06965006,0.03103679,-0.2429137,0,0,0
41,0.3300597,0.06965006,0.03103679,-0.2429137,0,0,0
42,0.3306763,0.06965006,0.03103679,-0.2429137,0,0,0
43,0.3313258,0.06965006,0.03103679,-0.2429137,0,0,0
44,0.3320007,0.06965006,0.03103679,-0.2429137,0,0,0
45,0.3326241,0.06965006,0.03103679,-0.2429137,0,0,0
46,0.3332309,0.06965006,0.03103679,-0.2429137,0,0,0
47,0.3338413,0.06965006,0.03103679,-0.2429137,0,0,0
48,0.3344611,0.06965006,0.03103679,-0.2429137,0,0,0
49,0.3350851,0.06965006,0.03103679,-0.2429137,0,0,0
50,0.3357044,0.06965006,0.03103679,-0.2429137,0,0,0
51,0.3363788,0.06965006,0.03103679,-0.2429137,0,0,0
52,0.3370534,0.06965006,0.03103679,-0.2429137,0,0,0
53,0.3376928,0.06965006,0.03103679,-0.2429137,0,0,0
54,0.3383154,0.06965006,0.03103679,-0.2429137,0,0,0
55,0.3389759,0.06965006,0.03103679,-0.2429137,0,0,0
56,0.3397002,0.06965006,0.03103679,-0.2429137,0,0,0
57,0.3403521,0.06965006,0.03103679,-0.2429137,0,0,0
58,0.3411353,0.06965006,0.03103679,-0.2429137,0,0,0
59,0.3417542,0.06965006,0.03103679,-0.2429137,0,0,0
60,0.3424274,0.06965006,0.03103679,-0.2429137,0,0,0
61,0.3430779,0.06965006,0.03103679,-0.2429137,0,0,0
62,0.3437054,0.06965006,0.03103679,-0.2429137,0,0,0
63,0.3443367,0.06965006,0.03103679,-0.2429137,0,0,0
64,0.3449799,0.06965006,0.03103679,-0.2429137,0,0,0
65,0.345653,0.06965006,0.03103679,-0.2429137,0,0,0
66,0.3462877,0.06965006,0.03103679,-0.2429137,0,0,0
67,0.3469162,0.06965006,0.03103679,-0.2429137,0,0,0
68,0.3475487,0.06965006,0.03103679,-0.2429137,0,0,0
69,0.3481811,0.06965006,0.03103679,-0.2429137,0,0,0
70,0.3488801,0.06965006,0.03103679,-0.2429137,0,0,0
71,0.3495423,0.06965006,0.03103679,-0.2429137,0,0,0
72,0.3501657,0.06965006,0.03103679,-0.2429137,0,0,0
73,0.350786,0.06965006,0.03103679,-0.2429137,0,0,0
74,0.3514265,0.06965006,0.03103679,-0.2429137,0,0,0
75,0.3520364,0.06965006,0.03103679,-0.2429137,0,0,0
76,0.3526651,0.06965006,0.03103679,-0.2429137,0,0,0
77,0.3532879,0.06965006,0.03103679,-0.2429137,0,0,0
78,0.3539174,0.06965006,0.03103679,-0.2429137,0,0,0
79,0.3545425,0.06965006,0.03103679,-0.2429137,0,0,0
80,0.3552994,0.06965006,0.03103679,-0.2429137,0,0,0
81,0.3559857,0.06965006,0.03103679,-0.2429137,0,0,0
82,0.3567018,0.06965006,0.03103679,-0.2429137,0,0,0
83,0.3574756,0.06965006,0.03103679,-0.2429137,0,0,0
84,0.3581641,0.06965006,0.03103679,-0.2429137,0,0,0
85,0.3588987,0.06965006,0.03103679,-0.2429137,0,0,0
86,0.3595437,0.06965006,0.03103679,-0.2429137,0,0,0
87,0.3601924,0.06965006,0.03103679,-0.2429137,0,0,0
88,0.3611226,0.06965006,0.03103679,-0.2429137,0,0,0
89,0.3618681,0.06965006,0.03103679,-0.2429137,0,0,0
90,0.3625677,0.06965006,0.03103679,-0.2429137,0,0,0
91,0.3633226,0.06965006,0.03103679,-0.2429137,0,0,0
92,0.3641288,0.06965006,0.03103679,-0.2429137,0,0,0
93,0.3649283,0.06965006,0.03103679,-0.2429137,0,0,0
94,0.3658038,0.06965006,0.03103679,-0.2429137,0,0,0
95,0.3664749,0.06965006,0.03103679,-0.2429137,0,0,0
96,0.3671543,0.06965006,0.03103679,-0.2429137,0,0,0
97,0.3678751,0.06965006,0.03103679,-0.2429137,0,0,0
98,0.3684878,0.06965006,0.03103679,-0.2429137,0,0,0
99,0.3692021,0.06965006,0.03103679,-0.2429137,0,0,0
100,0.3698787,0.06965006,0.03103679,-0.2429137,0,0,0
101,0.3705661,0.06965006,0.03103679,-0.2429137,0,0,0
102,0.3712712,0.06965006,0.03103679,-0.2429137,0,0,0
103,0.37192,0.06965006,0.03103679,-0.2429137,0,0,0
104,0.3726226,0.06965006,0.03103679,-0.2429137,0,0,0
105,0.3732664,0.06965006,0.03103679,-0.2429137,0,0,0
106,0.3738913,0.06965006,0.03103679,-0.2429137,0,0,0
107,0.3745026,0.06965006,0.03103679,-0.2429137,0,0,0
108,0.3751287,0.06965006,0.03103679,-0.2429137,0,0,0
109,0.3758028,0.06965006,0.03103679,-0.2429137,0,0,0
110,0.376444,0.06965006,0.03103679,-0.2429137,0,0,0
111,0.3770695,0.06965006,0.03103679,-0.2429137,0,0,0
112,0.3777361,0.06965006,0.03103679,-0.2429137,0,0,0
113,0.3783891,0.06965006,0.03103679,-0.2429137,0,0,0
114,0.3790777,0.06965006,0.03103679,-0.2429137,0,0,0
115,0.3797308,0.06965006,0.03103679,-0.2429137,0,0,0
116,0.3803757,0.06965006,0.03103679,-0.2429137,0,0,0
117,0.3811734,0.06965006,0.03103679,-0.2429137,0,0,0
118,0.3818698,0.06965006,0.03103679,-0.2429137,0,0,0
119,0.3825151,0.06965006,0.03103679,-0.2429137,0,0,0
120,0.3831527,0.06965006,0.03103679,-0.2429137,0,0,0
121,0.3838434,0.06965006,0.03103679,-0.2429137,0,0,0
122,0.3844925,0.06965006,0.03103679,-0.2429137,0,0,0
123,0.3851467,0.06965006,0.03103679,-0.2429137,0,0,0
124,0.3858211,0.06965006,0.03103679,-0.2429137,0,0,0
125,0.3865408,0.06965006,0.03103679,-0.2429137,0,0,0
126,0.387215,0.06965006,0.03103679,-0.2429137,0,0,0
127,0.3878497,0.06965006,0.03103679,-0.2429137,0,0,0
128,0.3885467,0.06965006,0.03103679,-0.2429137,0,0,0
129,0.3892678,0.06965006,0.03103679,-0.2429137,0,0,0
130,0.3899479,0.06965006,0.03103679,-0.2429137,0,0,0
131,0.390594,0.06965006,0.03103679,-0.2429137,0,0,0
132,0.3912101,0.06965006,0.03103679,-0.2429137,0,0,0
133,0.3918268,0.06965006,0.03103679,-0.2429137,0,0,0
134,0.3924418,0.06965006,0.03103679,-0.2429137,0,0,0
135,0.3930936,0.06965006,0.03103679,-0.2429137,0,0,0
136,0.3937609,0.06965006,0.03103679,-0.2429137,0,0,0
137,0.3943853,0.06965006,0.03103679,-0.2429137,0,0,0
138,0.395022,0.06965006,0.03103679,-0.2429137,0,0,0
139,0.3956409,0.06965006,0.03103679,-0.2429137,0,0,0
140,0.3962551,0.06965006,0.03103679,-0.2429137,0,0,0
141,0.3968595,0.06965006,0.03103679,-0.2429137,0,0,0
142,0.3974781,0.06965006,0.03103679,-0.2429137,0,0,0
143,0.3981025,0.06965006,0.03103679,-0.2429137,0,0,0
144,0.3988445,0.06965006,0.03103679,-0.2429137,0,0,0
145,0.3995024,0.06965006,0.03103679,-0.2429137,0,0,0
146,0.40015,0.06965006,0.03103679,-0.2429137,0,0,0
147,0.4009419,0.06965006,0.03103679,-0.2429137,0,0,0
148,0.4016539,0.06965006,0.03103679,-0.2429137,0,0,0
149,0.4023975,0.06965006,0.03103679,-0.2429137,0,0,0
150,0.4030617,0.06965006,0.03103679,-0.2429137,0,0,0
151,0.4037053,0.06965006,0.03103679,-0.2429137,0,0,0
152,0.4043506,0.06965006,0.03103679,-0.2429137,0,0,0
153,0.4050929,0.06965006,0.03103679,-0.2429137,0,0,0
154,0.4085573,0.06965006,0.03103679,-0.2429137,0,0,0
155,0.4092724,0.06965006,0.03103679,-0.2429137,0,0,0
156,0.4100833,0.06965006,0.03103679,-0.2429137,0,0,0
157,0.410855,0.06965006,0.03103679,-0.2429137,0,0,0
158,0.4115126,0.06965006,0.03103679,-0.2429137,0,0,0
159,0.4121408,0.06965006,0.03103679,-0.2429137,0,0,0
160,0.412843,0.06965006,0.03103679,-0.2429137,0,0,0
161,0.413468,0.06965006,0.03103679,-0.2429137,0,0,0
162,0.414116,0.06965006,0.03103679,-0.2429137,0,0,0
163,0.4147344,0.06965006,0.03103679,-0.2429137,0,0,0
164,0.4154045,0.06965006,0.03103679,-0.2429137,0,0,0
165,0.4160377,0.06965006,0.03103679,-0.2429137,0,0,0
166,0.4166704,0.06965006,0.03103679,-0.2429137,0,0,0
167,0.4173614,0.06965006,0.03103679,-0.2429137,0,0,0
168,0.4180063,0.06965006,0.03103679,-0.2429137,0,0,0
169,0.4186429,0.06965006,0.03103679,-0.2429137,0,0,0
170,0.4192894,0.06965006,0.03103679,-0.2429137,0,0,0
171,0.4199135,0.06965006,0.03103679,-0.2429137,0,0,0
172,0.4205521,0.06965006,0.03103679,-0.2429137,0,0,0
173,0.4213693,0.06965006,0.03103679,-0.2429137,0,0,0
174,0.4220567,0.06965006,0.03103679,-0.2429137,0,0,0
175,0.4256261,0.06964529,0.0309628,-0.242889,0,0,0
176,0.4264578,0.06964529,0.0309628,-0.242889,0,0,0
177,0.4271197,0.06964529,0.0309628,-0.242889,0,0,0
178,0.4277493,0.06964529,0.0309628,-0.242889,0,0,0
179,0.4283936,0.06964529,0.0309628,-0.242889,0,0,0
180,0.4290265,0.06964529,0.0309628,-0.242889,0,0,0
181,0.4296473,0.06964529,0.0309628,-0.242889,0,0,0
182,0.4302904,0.06964529,0.0309628,-0.242889,0,0,0
183,0.4310025,0.06964529,0.0309628,-0.242889,0,0,0
184,0.4317103,0.06964529,0.0309628,-0.242889,0,0,0
185,0.4323657,0.06964529,0.0309628,-0.242889,0,0,0
186,0.4331622,0.06964529,0.0309628,-0.242889,0,0,0
187,0.4338241,0.06964529,0.0309628,-0.242889,0,0,0
188,0.4344422,0.06964529,0.0309628,-0.242889,0,0,0
189,0.4350472,0.06964529,0.0309628,-0.242889,0,0,0
190,0.4356779,0.06964529,0.0309628,-0.242889,0,0,0
191,0.4363799,0.06964529,0.0309628,-0.242889,0,0,0
192,0.4370124,0.06964529,0.0309628,-0.242889,0,0,0
193,0.4376309,0.06964529,0.0309628,-0.242889,0,0,0
194,0.4382349,0.06964529,0.0309628,-0.242889,0,0,0
195,0.4388621,0.06964529,0.0309628,-0.242889,0,0,0
196,0.4394943,0.06964529,0.0309628,-0.242889,0,0,0
197,0.4401096,0.06964529,0.0309628,-0.242889,0,0,0
198,0.4409717,0.06964529,0.0309628,-0.242889,0,0,0
199,0.4416496,0.06964529,0.0309628,-0.242889,0,0,0
200,0.4422784,0.06964529,0.0309628,-0.242889,0,0,0
201,0.4429305,0.06964529,0.0309628,-0.242889,0,0,0
202,0.4436202,0.06964529,0.0309628,-0.242889,0,0,0
203,0.444257,0.06964529,0.0309628,-0.242889,0,0,0
204,0.4449293,0.06964529,0.0309628,-0.242889,0,0,0
205,0.4456187,0.06964529,0.0309628,-0.242889,0,0,0
206,0.4462589,0.06964529,0.0309628,-0.242889,0,0,0
207,0.4469004,0.06964529,0.0309628,-0.242889,0,0,0
208,0.4475124,0.06964529,0.0309628,-0.242889,0,0,0
209,0.4482348,0.06964529,0.0309628,-0.242889,0,0,0
210,0.4489274,0.06964529,0.0309628,-0.242889,0,0,0
211,0.4495951,0.06964529,0.0309628,-0.242889,0,0,0
212,0.4502334,0.06964529,0.0309628,-0.242889,0,0,0
213,0.4508678,0.06964529,0.0309628,-0.242889,0,0,0
214,0.4515126,0.06964529,0.0309628,-0.242889,0,0,0
215,0.4521715,0.06964529,0.0309628,-0.242889,0,0,0
216,0.4527862,0.06964529,0.0309628,-0.242889,0,0,0
217,0.4534137,0.06964529,0.0309628,-0.242889,0,0,0
218,0.4541059,0.06964529,0.0309628,-0.242889,0,0,0
219,0.4547395,0.06964529,0.0309628,-0.242889,0,0,0
220,0.4553645,0.06964529,0.0309628,-0.242889,0,0,0
221,0.4559709,0.06964529,0.0309628,-0.242889,0,0,0
222,0.456641,0.06964529,0.0309628,-0.242889,0,0,0
223,0.457358,0.06964529,0.0309628,-0.242889,0,0,0
224,0.4580659,0.06964529,0.0309628,-0.242889,0,0,0
225,0.458709,0.06964529,0.0309628,-0.242889,0,0,0
226,0.4593868,0.06964529,0.0309628,-0.242889,0,0,0
227,0.4600454,0.06964529,0.0309628,-0.242889,0,0,0
228,0.4608743,0.06964529,0.0309628,-0.242889,0,0,0
229,0.4615233,0.06964529,0.0309628,-0.242889,0,0,0
230,0.4621721,0.06964529,0.0309628,-0.242889,0,0,0
231,0.4628142,0.06964529,0.0309628,-0.242889,0,0,0
232,0.4635807,0.06964529,0.0309628,-0.242889,0,0,0
233,0.4642638,0.06964529,0.0309628,-0.242889,0,0,0
234,0.4649103,0.06964529,0.0309628,-0.242889,0,0,0
235,0.4655741,0.06964529,0.0309628,-0.242889,0,0,0
236,0.4662247,0.06964529,0.0309628,-0.242889,0,0,0
237,0.4668755,0.06964529,0.0309628,-0.242889,0,0,0
238,0.4675095,0.06964529,0.0309628,-0.242889,0,0,0
239,0.46817,0.06964529,0.0309628,-0.242889,0,0,0
240,0.4688239,0.06964529,0.0309628,-0.242889,0,0,0
241,0.4694445,0.06964529,0.0309628,-0.242889,0,0,0
242,0.470092,0.06964529,0.0309628,-0.242889,0,0,0
243,0.4707459,0.06964529,0.0309628,-0.242889,0,0,0
244,0.4713603,0.06964529,0.0309628,-0.242889,0,0,0
245,0.4719797,0.06964529,0.0309628,-0.242889,0,0,0
246,0.472756,0.06964529,0.0309628,-0.242889,0,0,0
247,0.4734194,0.06964529,0.0309628,-0.242889,0,0,0
248,0.474098,0.06964529,0.0309628,-0.242889,0,0,0
249,0.4747295,0.06964529,0.0309628,-0.242889,0,0,0
250,0.475374,0.06964529,0.0309628,-0.242889,0,0,0
251,0.4760087,0.06964529,0.0309628,-0.242889,0,0,0
252,0.4767392,0.06964529,0.0309628,-0.242889,0,0,0
253,0.4773728,0.06964529,0.0309628,-0.242889,0,0,0
254,0.4779868,0.06964529,0.0309628,-0.242889,0,0,0
255,0.4788328,0.06964529,0.0309628,-0.242889,0,0,0
256,0.4795053,0.06964529,0.0309628,-0.242889,0,0,0
257,0.4801528,0.06964529,0.0309628,-0.242889,0,0,0
258,0.4809151,0.06964529,0.0309628,-0.242889,0,0,0
259,0.4815418,0.06964529,0.0309628,-0.242889,0,0,0
260,0.48221,0.06964529,0.0309628,-0.242889,0,0,0
261,0.4828528,0.06964529,0.0309628,-0.242889,0,0,0
262,0.4834838,0.06964529,0.0309628,-0.242889,0,0,0
263,0.4841134,0.06964529,0.0309628,-0.242889,0,0,0
264,0.4847515,0.06964529,0.0309628,-0.242889,0,0,0
265,0.4853652,0.06964529,0.0309628,-0.242889,0,0,0
266,0.4859669,0.06964529,0.0309628,-0.242889,0,0,0
267,0.4865753,0.06964529,0.0309628,-0.242889,0,0,0
268,0.4871998,0.06964529,0.0309628,-0.242889,0,0,0
269,0.4879162,0.06964529,0.0309628,-0.242889,0,0,0
270,0.4886043,0.06964529,0.0309628,-0.242889,0,0,0
271,0.4892725,0.06964529,0.0309628,-0.242889,0,0,0
272,0.4899084,0.06964529,0.0309628,-0.242889,0,0,0
273,0.490558,0.06964529,0.0309628,-0.242889,0,0,0
274,0.4912094,0.06964529,0.0309628,-0.242889,0,0,0
275,0.4918693,0.06964529,0.0309628,-0.242889,0,0,0
276,0.4925064,0.06964529,0.0309628,-0.242889,0,0,0
277,0.4931317,0.06964529,0.0309628,-0.242889,0,0,0
278,0.4938357,0.06964529,0.0309628,-0.242889,0,0,0
279,0.4946939,0.06964529,0.0309628,-0.242889,0,0,0
280,0.4953694,0.06964529,0.0309628,-0.242889,0,0,0
281,0.4960229,0.06964529,0.0309628,-0.242889,0,0,0
282,0.4966554,0.06964529,0.0309628,-0.242889,0,0,0
283,0.4972765,0.06964529,0.0309628,-0.242889,0,0,0
284,0.497981,0.06964529,0.0309628,-0.242889,0,0,0
285,0.4986049,0.06964529,0.0309628,-0.242889,0,0,0
286,0.499232,0.06964529,0.0309628,-0.242889,0,0,0
287,0.4998798,0.06964529,0.0309628,-0.242889,0,0,0
288,0.5005156,0.06964529,0.0309628,-0.242889,0,0,0
289,0.5012783,0.06964529,0.0309628,-0.242889,0,0,0
290,0.5019162,0.06964529,0.0309628,-0.242889,0,0,0
291,0.5025895,0.06964529,0.0309628,-0.242889,0,0,0
292,0.5032389,0.06964529,0.0309628,-0.242889,0,0,0
293,0.503948,0.06964529,0.0309628,-0.242889,0,0,0
294,0.5046556,0.06964529,0.0309628,-0.242889,0,0,0
295,0.5052989,0.06964529,0.0309628,-0.242889,0,0,0
296,0.5059757,0.06964529,0.0309628,-0.242889,0,0,0
297,0.5066891,0.06964529,0.0309628,-0.242889,0,0,0
298,0.5074108,0.06964529,0.0309628,-0.242889,0,0,0
299,0.5081534,0.06964529,0.0309628,-0.242889,0,0,0
300,0.5087941,0.06964529,0.0309628,-0.242889,0,0,0
301,0.5095514,0.06964529,0.0309628,-0.242889,0,0,0
302,0.5102054,0.06964529,0.0309628,-0.242889,0,0,0
303,0.5108315,0.06964529,0.0309628,-0.242889,0,0,0
304,0.5114894,0.06964529,0.0309628,-0.242889,0,0,0
305,0.5121505,0.06964529,0.0309628,-0.242889,0,0,0
306,0.512786,0.06964529,0.0309628,-0.242889,0,0,0
307,0.5134454,0.06964529,0.0309628,-0.242889,0,0,0
308,0.51414,0.06964529,0.0309628,-0.242889,0,0,0
309,0.5148336,0.06964529,0.0309628,-0.242889,0,0,0
310,0.5155053,0.06964529,0.0309628,-0.242889,0,0,0
311,0.5161664,0.06964529,0.0309628,-0.242889,0,0,0
312,0.5167786,0.06964529,0.0309628,-0.242889,0,0,0
313,0.5173945,0.06964529,0.0309628,-0.242889,0,0,0
314,0.5180293,0.06964529,0.0309628,-0.242889,0,0,0
315,0.5186591,0.06964529,0.0309628,-0.242889,0,0,0
316,0.5192786,0.06964529,0.0309628,-0.242889,0,0,0
317,0.5198946,0.06964529,0.0309628,-0.242889,0,0,0
318,0.5205027,0.06964529,0.0309628,-0.242889,0,0,0
319,0.5212805,0.06964529,0.0309628,-0.242889,0,0,0
320,0.5219042,0.06964529,0.0309628,-0.242889,0,0,0
321,0.5225267,0.06964529,0.0309628,-0.242889,0,0,0
322,0.5231696,0.06964529,0.0309628,-0.242889,0,0,0
323,0.5238172,0.06964529,0.0309628,-0.242889,0,0,0
324,0.5250177,0.06964529,0.0309628,-0.242889,0,0,0
325,0.5257349,0.06964529,0.0309628,-0.242889,0,0,0
326,0.5264219,0.06964529,0.0309628,-0.242889,0,0,0
327,0.5270776,0.06964529,0.0309628,-0.242889,0,0,0
328,0.5276942,0.06964529,0.0309628,-0.242889,0,0,0
329,0.5283057,0.06964529,0.0309628,-0.242889,0,0,0
330,0.5289276,0.06964529,0.0309628,-0.242889,0,0,0
331,0.5295714,0.06964529,0.0309628,-0.242889,0,0,0
332,0.5301885,0.06964529,0.0309628,-0.242889,0,0,0
333,0.5308205,0.06964529,0.0309628,-0.242889,0,0,0
334,0.531456,0.06964529,0.0309628,-0.242889,0,0,0
335,0.5320896,0.06964529,0.0309628,-0.242889,0,0,0
336,0.5327438,0.06964529,0.0309628,-0.242889,0,0,0
337,0.5334066,0.06964529,0.0309628,-0.242889,0,0,0
338,0.5341098,0.06964529,0.0309628,-0.242889,0,0,0
339,0.5347599,0.06964529,0.0309628,-0.242889,0,0,0
340,0.5354057,0.06964529,0.0309628,-0.242889,0,0,0
341,0.5360477,0.06964529,0.0309628,-0.242889,0,0,0
342,0.5366939,0.06964529,0.0309628,-0.242889,0,0,0
343,0.5373133,0.06964529,0.0309628,-0.242889,0,0,0
344,0.5379383,0.06964529,0.0309628,-0.242889,0,0,0
345,0.5385481,0.06964529,0.0309628,-0.242889,0,0,0
346,0.539349,0.06964529,0.0309628,-0.242889,0,0,0
347,0.5400161,0.06964529,0.0309628,-0.242889,0,0,0
348,0.5408114,0.06964529,0.0309628,-0.242889,0,0,0
349,0.5415011,0.06964529,0.0309628,-0.242889,0,0,0
350,0.5421558,0.06964529,0.0309628,-0.242889,0,0,0
351,0.5427886,0.06964529,0.0309628,-0.242889,0,0,0
352,0.5434338,0.06964529,0.0309628,-0.242889,0,0,0
353,0.544108,0.06964529,0.0309628,-0.242889,0,0,0
354,0.5447489,0.06964529,0.0309628,-0.242889,0,0,0
355,0.5454269,0.06964529,0.0309628,-0.242889,0,0,0
356,0.5460643,0.06964529,0.0309628,-0.242889,0,0,0
357,0.546702,0.06964529,0.0309628,-0.242889,0,0,0
358,0.5473218,0.06964529,0.0309628,-0.242889,0,0,0
359,0.5479479,0.06964529,0.0309628,-0.242889,0,0,0
360,0.5485977,0.06964529,0.0309628,-0.242889,0,0,0
361,0.5492344,0.06964529,0.0309628,-0.242889,0,0,0
362,0.5499129,0.06964529,0.0309628,-0.242889,0,0,0
363,0.5505583,0.06964529,0.0309628,-0.242889,0,0,0
364,0.5512418,0.06964529,0.0309628,-0.242889,0,0,0
365,0.5519184,0.06964529,0.0309628,-0.242889,0,0,0
366,0.5525886,0.06964529,0.0309628,-0.242889,0,0,0
367,0.5532564,0.06964529,0.0309628,-0.242889,0,0,0
368,0.5539321,0.06964529,0.0309628,-0.242889,0,0,0
369,0.5548023,0.06964529,0.0309628,-0.242889,0,0,0
370,0.5554753,0.06964529,0.0309628,-0.242889,0,0,0
371,0.5561192,0.06964529,0.0309628,-0.242889,0,0,0
372,0.5567611,0.06964529,0.0309628,-0.242889,0,0,0
373,0.5573988,0.06964529,0.0309628,-0.242889,0,0,0
374,0.5580696,0.06964529,0.0309628,-0.242889,0,0,0
375,0.5586992,0.06964529,0.0309628,-0.242889,0,0,0
376,0.5593725,0.06964529,0.0309628,-0.242889,0,0,0
377,0.5600435,0.06964529,0.0309628,-0.242889,0,0,0
378,0.5608182,0.06964529,0.0309628,-0.242889,0,0,0
379,0.5614397,0.06964529,0.0309628,-0.242889,0,0,0
380,0.5620524,0.06964529,0.0309628,-0.242889,0,0,0
381,0.5626801,0.06964529,0.0309628,-0.242889,0,0,0
382,0.563338,0.06964529,0.0309628,-0.242889,0,0,0
383,0.5639963,0.06964529,0.0309628,-0.242889,0,0,0
384,0.5646688,0.06964529,0.0309628,-0.242889,0,0,0
385,0.5653571,0.06964529,0.0309628,-0.242889,0,0,0
386,0.5659915,0.06964529,0.0309628,-0.242889,0,0,0
387,0.566687,0.06964529,0.0309628,-0.242889,0,0,0
388,0.5673448,0.06964529,0.0309628,-0.242889,0,0,0
389,0.5679893,0.06964529,0.0309628,-0.242889,0,0,0
390,0.5686389,0.06964529,0.0309628,-0.242889,0,0,0
391,0.5693748,0.06964529,0.0309628,-0.242889,0,0,0
392,0.5701195,0.06964529,0.0309628,-0.242889,0,0,0
393,0.5707853,0.06964529,0.0309628,-0.242889,0,0,0
394,0.5714364,0.06964529,0.0309628,-0.242889,0,0,0
395,0.5721859,0.06964529,0.0309628,-0.242889,0,0,0
396,0.5756533,0.06964529,0.0309628,-0.242889,0,0,0
397,0.5763921,0.06964529,0.0309628,-0.242889,0,0,0
398,0.5770743,0.06964529,0.0309628,-0.242889,0,0,0
399,0.5777256,0.06964529,0.0309628,-0.242889,0,0,0
400,0.5783484,0.06964529,0.0309628,-0.242889,0,0,0
401,0.5789819,0.06964529,0.0309628,-0.242889,0,0,0
402,0.5796092,0.06964529,0.0309628,-0.242889,0,0,0
403,0.5802505,0.06964529,0.0309628,-0.242889,0,0,0
404,0.5810026,0.06964529,0.0309628,-0.242889,0,0,0
405,0.5816495,0.06964529,0.0309628,-0.242889,0,0,0
406,0.5822789,0.06964529,0.0309628,-0.242889,0,0,0
407,0.5829183,0.06964529,0.0309628,-0.242889,0,0,0
408,0.583557,0.06964529,0.0309628,-0.242889,0,0,0
409,0.5842954,0.06964529,0.0309628,-0.242889,0,0,0
410,0.5850141,0.06964529,0.0309628,-0.242889,0,0,0
411,0.5856768,0.06964529,0.0309628,-0.242889,0,0,0
412,0.586346,0.06964529,0.0309628,-0.242889,0,0,0
413,0.5869883,0.06964529,0.0309628,-0.242889,0,0,0
414,0.5876951,0.06964529,0.0309628,-0.242889,0,0,0
415,0.5885569,0.06964529,0.0309628,-0.242889,0,0,0
416,0.589455,0.06964529,0.0309628,-0.242889,0,0,0
417,0.5901877,0.06964529,0.0309628,-0.242889,0,0,0
418,0.5909542,0.06964529,0.0309628,-0.242889,0,0,0
419,0.5916656,0.06964529,0.0309628,-0.242889,0,0,0
420,0.592363,0.06964529,0.0309628,-0.242889,0,0,0
421,0.5930062,0.06964529,0.0309628,-0.242889,0,0,0
422,0.5936726,0.06964529,0.0309628,-0.242889,0,0,0
423,0.5943706,0.06964529,0.0309628,-0.242889,0,0,0
424,0.5950581,0.06964529,0.0309628,-0.242889,0,0,0
425,0.5957347,0.06964529,0.0309628,-0.242889,0,0,0
426,0.5963978,0.06964529,0.0309628,-0.242889,0,0,0
427,0.5970421,0.06964529,0.0309628,-0.242889,0,0,0
428,0.5976608,0.06964529,0.0309628,-0.242889,0,0,0
429,0.5982903,0.06964529,0.0309628,-0.242889,0,0,0
430,0.5989286,0.06964529,0.0309628,-0.242889,0,0,0
431,0.599564,0.06964529,0.0309628,-0.242889,0,0,0
432,0.6002118,0.06964529,0.0309628,-0.242889,0,0,0
433,0.6010019,0.06964529,0.0309628,-0.242889,0,0,0
434,0.6016574,0.06964529,0.0309628,-0.242889,0,0,0
435,0.6023414,0.06964529,0.0309628,-0.242889,0,0,0
436,0.6055546,0.06964529,0.0309628,-0.242889,0,0,0
437,0.6063262,0.06964529,0.0309628,-0.242889,0,0,0
438,0.6070052,0.06964529,0.0309628,-0.242889,0,0,0
439,0.607641,0.06964529,0.0309628,-0.242889,0,0,0
440,0.6083351,0.06964529,0.0309628,-0.242889,0,0,0
441,0.6091009,0.06964529,0.0309628,-0.242889,0,0,0
442,0.6097879,0.06964529,0.0309628,-0.242889,0,0,0
443,0.6104764,0.06964529,0.0309628,-0.242889,0,0,0
444,0.6111903,0.06964529,0.0309628,-0.242889,0,0,0
445,0.6118305,0.06964529,0.0309628,-0.242889,0,0,0
446,0.6125364,0.06964529,0.0309628,-0.242889,0,0,0
447,0.6131933,0.06964529,0.0309628,-0.242889,0,0,0
448,0.6138779,0.06964529,0.0309628,-0.242889,0,0,0
449,0.614608,0.06964529,0.0309628,-0.242889,0,0,0
450,0.6153586,0.06964529,0.0309628,-0.242889,0,0,0
451,0.6161922,0.06964529,0.0309628,-0.242889,0,0,0
452,0.6168606,0.06964529,0.0309628,-0.242889,0,0,0
453,0.617506,0.06964529,0.0309628,-0.242889,0,0,0
454,0.6181468,0.06964529,0.0309628,-0.242889,0,0,0
455,0.6187736,0.06964529,0.0309628,-0.242889,0,0,0
456,0.6193971,0.06964529,0.0309628,-0.242889,0,0,0
457,0.6200168,0.06964529,0.0309628,-0.242889,0,0,0
458,0.6207927,0.06964529,0.0309628,-0.242889,0,0,0
459,0.6215118,0.06964529,0.0309628,-0.242889,0,0,0
460,0.6221674,0.06964529,0.0309628,-0.242889,0,0,0
461,0.6228125,0.06964529,0.0309628,-0.242889,0,0,0
462,0.6234431,0.06964529,0.0309628,-0.242889,0,0,0
463,0.6241591,0.06964529,0.0309628,-0.242889,0,0,0
464,0.6248264,0.06964529,0.0309628,-0.242889,0,0,0
465,0.6254848,0.06964529,0.0309628,-0.242889,0,0,0
466,0.6261336,0.06964529,0.0309628,-0.242889,0,0,0
467,0.6268528,0.06964529,0.0309628,-0.242889,0,0,0
468,0.6274901,0.06964529,0.0309628,-0.242889,0,0,0
469,0.6281862,0.06964529,0.0309628,-0.242889,0,0,0
470,0.6288773,0.06964529,0.0309628,-0.242889,0,0,0
471,0.6295938,0.06964529,0.0309628,-0.242889,0,0,0
472,0.6303111,0.06964529,0.0309628,-0.242889,0,0,0
473,0.6310661,0.06964529,0.0309628,-0.242889,0,0,0
474,0.6318243,0.06964529,0.0309628,-0.242889,0,0,0
475,0.6325324,0.06964529,0.0309628,-0.242889,0,0,0
476,0.633268,0.06964529,0.0309628,-0.242889,0,0,0
477,0.6339261,0.06964529,0.0309628,-0.242889,0,0,0
478,0.6346373,0.06964052,0.0308888,-0.2428643,0,0,0
479,0.6354441,0.06964052,0.0308888,-0.2428643,0,0,0
480,0.6361032,0.06964052,0.0308888,-0.2428643,0,0,0
481,0.6367305,0.06964052,0.0308888,-0.2428643,0,0,0
482,0.6373542,0.06964052,0.0308888,-0.2428643,0,0,0
483,0.6379947,0.06964052,0.0308888,-0.2428643,0,0,0
484,0.6387026,0.06964052,0.0308888,-0.2428643,0,0,0
485,0.639379,0.06964052,0.0308888,-0.2428643,0,0,0
486,0.6400792,0.06964052,0.0308888,-0.2428643,0,0,0
487,0.6409371,0.06964052,0.0308888,-0.2428643,0,0,0
488,0.6416079,0.06964052,0.0308888,-0.2428643,0,0,0
489,0.6422591,0.06964052,0.0308888,-0.2428643,0,0,0
490,0.6429442,0.06964052,0.0308888,-0.2428643,0,0,0
491,0.6435872,0.06964052,0.0308888,-0.2428643,0,0,0
492,0.6442608,0.06964052,0.0308888,-0.2428643,0,0,0
493,0.6450635,0.06964052,0.0308888,-0.2428643,0,0,0
494,0.6459037,0.06964052,0.0308888,-0.2428643,0,0,0
495,0.6466043,0.06964052,0.0308888,-0.2428643,0,0,0
496,0.6472563,0.06964052,0.0308888,-0.2428643,0,0,0
497,0.6478781,0.06964052,0.0308888,-0.2428643,0,0,0
498,0.6485087,0.06964052,0.0308888,-0.2428643,0,0,0
499,0.6491744,0.06964052,0.0308888,-0.2428643,0,0,0
500,0.6504551,0.06964052,0.0308888,-0.2428643,0,0,0
501,0.6511467,0.06964052,0.0308888,-0.2428643,0,0,0
502,0.6517759,0.06964052,0.0308888,-0.2428643,0,0,0
503,0.6523974,0.06964052,0.0308888,-0.2428643,0,0,0
504,0.6530284,0.06964052,0.0308888,-0.2428643,0,0,0
505,0.6537046,0.06964052,0.0308888,-0.2428643,0,0,0
506,0.654394,0.06964052,0.0308888,-0.2428643,0,0,0
507,0.6551136,0.06964052,0.0308888,-0.2428643,0,0,0
508,0.6567405,0.06964052,0.0308888,-0.2428643,0,0,0
509,0.6574729,0.06964052,0.0308888,-0.2428643,0,0,0
510,0.6581769,0.06964052,0.0308888,-0.2428643,0,0,0
511,0.6588507,0.06964052,0.0308888,-0.2428643,0,0,0
512,0.6595091,0.06964052,0.0308888,-0.2428643,0,0,0
513,0.6602164,0.06964052,0.0308888,-0.2428643,0,0,0
514,0.661019,0.06964052,0.0308888,-0.2428643,0,0,0
515,0.6616926,0.06964052,0.0308888,-0.2428643,0,0,0
516,0.6623476,0.06964052,0.0308888,-0.2428643,0,0,0
517,0.6629795,0.06964052,0.0308888,-0.2428643,0,0,0
518,0.6644338,0.06964052,0.0308888,-0.2428643,0,0,0
519,0.6651287,0.06964052,0.0308888,-0.2428643,0,0,0
520,0.6661994,0.06964052,0.0308888,-0.2428643,0,0,0
521,0.6668898,0.06964052,0.0308888,-0.2428643,0,0,0
522,0.6678502,0.06964052,0.0308888,-0.2428643,0,0,0
523,0.6685605,0.06964052,0.0308888,-0.2428643,0,0,0
524,0.6691885,0.06964052,0.0308888,-0.2428643,0,0,0
525,0.669815,0.06964052,0.0308888,-0.2428643,0,0,0
526,0.6704461,0.06964052,0.0308888,-0.2428643,0,0,0
527,0.6711914,0.06964052,0.0308888,-0.2428643,0,0,0
528,0.6718527,0.06964052,0.0308888,-0.2428643,0,0,0
529,0.6724929,0.06964052,0.0308888,-0.2428643,0,0,0
530,0.6731237,0.06964052,0.0308888,-0.2428643,0,0,0
531,0.6737947,0.06964052,0.0308888,-0.2428643,0,0,0
532,0.674427,0.06964052,0.0308888,-0.2428643,0,0,0
533,0.6750706,0.06964052,0.0308888,-0.2428643,0,0,0
534,0.6762428,0.06964052,0.0308888,-0.2428643,0,0,0
535,0.6769472,0.06964052,0.0308888,-0.2428643,0,0,0
536,0.6775867,0.06964052,0.0308888,-0.2428643,0,0,0
537,0.6782118,0.06964052,0.0308888,-0.2428643,0,0,0
538,0.6788555,0.06964052,0.0308888,-0.2428643,0,0,0
539,0.6795434,0.06964052,0.0308888,-0.2428643,0,0,0
540,0.6801587,0.06964052,0.0308888,-0.2428643,0,0,0
541,0.6809357,0.06964052,0.0308888,-0.2428643,0,0,0
542,0.6816298,0.06964052,0.0308888,-0.2428643,0,0,0
543,0.6822933,0.06964052,0.0308888,-0.2428643,0,0,0
544,0.6829226,0.06964052,0.0308888,-0.2428643,0,0,0
545,0.6839859,0.06964052,0.0308888,-0.2428643,0,0,0
546,0.6846434,0.06964052,0.0308888,-0.2428643,0,0,0
547,0.6852836,0.06964052,0.0308888,-0.2428643,0,0,0
548,0.6859582,0.06964052,0.0308888,-0.2428643,0,0,0
549,0.6865907,0.06964052,0.0308888,-0.2428643,0,0,0
550,0.6872053,0.06964052,0.0308888,-0.2428643,0,0,0
551,0.6878925,0.06964052,0.0308888,-0.2428643,0,0,0
552,0.6885182,0.06964052,0.0308888,-0.2428643,0,0,0
553,0.689152,0.06964052,0.0308888,-0.2428643,0,0,0
554,0.6898398,0.06964052,0.0308888,-0.2428643,0,0,0
555,0.6904938,0.06964052,0.0308888,-0.2428643,0,0,0
556,0.6911586,0.06964052,0.0308888,-0.2428643,0,0,0
557,0.6918075,0.06964052,0.0308888,-0.2428643,0,0,0
558,0.6924528,0.06964052,0.0308888,-0.2428643,0,0,0
559,0.6930756,0.06964052,0.0308888,-0.2428643,0,0,0
560,0.6936955,0.06964052,0.0308888,-0.2428643,0,0,0
561,0.6943214,0.06964052,0.0308888,-0.2428643,0,0,0
562,0.6949722,0.06964052,0.0308888,-0.2428643,0,0,0
563,0.6956039,0.06964052,0.0308888,-0.2428643,0,0,0
564,0.6962327,0.06964052,0.0308888,-0.2428643,0,0,0
565,0.6968633,0.06964052,0.0308888,-0.2428643,0,0,0
566,0.6975209,0.06964052,0.0308888,-0.2428643,0,0,0
567,0.6981459,0.06964052,0.0308888,-0.2428643,0,0,0
568,0.6987986,0.06964052,0.0308888,-0.2428643,0,0,0
569,0.6994325,0.06964052,0.0308888,-0.2428643,0,0,0
570,0.7000649,0.06964052,0.0308888,-0.2428643,0,0,0
571,0.7008228,0.06964052,0.0308888,-0.2428643,0,0,0
572,0.7014488,0.06964052,0.0308888,-0.2428643,0,0,0
573,0.7020726,0.06964052,0.0308888,-0.2428643,0,0,0
574,0.7026974,0.06964052,0.0308888,-0.2428643,0,0,0
575,0.7033237,0.06964052,0.0308888,-0.2428643,0,0,0
576,0.7040141,0.06964052,0.0308888,-0.2428643,0,0,0
577,0.7046788,0.06964052,0.0308888,-0.2428643,0,0,0
578,0.705317,0.06964052,0.0308888,-0.2428643,0,0,0
579,0.7060391,0.06964052,0.0308888,-0.2428643,0,0,0
580,0.7068553,0.06964052,0.0308888,-0.2428643,0,0,0
581,0.7075198,0.06964052,0.0308888,-0.2428643,0,0,0
582,0.7082138,0.06964052,0.0308888,-0.2428643,0,0,0
583,0.7088982,0.06964052,0.0308888,-0.2428643,0,0,0
584,0.709564,0.06964052,0.0308888,-0.2428643,0,0,0
585,0.7102501,0.06964052,0.0308888,-0.2428643,0,0,0
586,0.7109347,0.06964052,0.0308888,-0.2428643,0,0,0
587,0.7115551,0.06964052,0.0308888,-0.2428643,0,0,0
588,0.7121776,0.06964052,0.0308888,-0.2428643,0,0,0
589,0.7128999,0.06964052,0.0308888,-0.2428643,0,0,0
590,0.7136038,0.06964052,0.0308888,-0.2428643,0,0,0
591,0.7142493,0.06964052,0.0308888,-0.2428643,0,0,0
592,0.7149245,0.06964052,0.0308888,-0.2428643,0,0,0
593,0.7155722,0.06964052,0.0308888,-0.2428643,0,0,0
594,0.7162511,0.06964052,0.0308888,-0.2428643,0,0,0
595,0.7168962,0.06964052,0.0308888,-0.2428643,0,0,0
596,0.7175496,0.06964052,0.0308888,-0.2428643,0,0,0
597,0.7182174,0.06964052,0.0308888,-0.2428643,0,0,0
598,0.7188647,0.06964052,0.0308888,-0.2428643,0,0,0
599,0.7195106,0.06964052,0.0308888,-0.2428643,0,0,0
600,0.72017,0.06964052,0.0308888,-0.2428643,0,0,0
601,0.7209611,0.06964052,0.0308888,-0.2428643,0,0,0
602,0.7216241,0.06964052,0.0308888,-0.2428643,0,0,0
603,0.7223552,0.06964052,0.0308888,-0.2428643,0,0,0
604,0.7260173,0.06964052,0.0308888,-0.2428643,0,0,0
605,0.7269301,0.06964052,0.0308888,-0.2428643,0,0,0
606,0.7276413,0.06964052,0.0308888,-0.2428643,0,0,0
607,0.7283144,0.06964052,0.0308888,-0.2428643,0,0,0
608,0.7290228,0.06964052,0.0308888,-0.2428643,0,0,0
609,0.7296809,0.06964052,0.0308888,-0.2428643,0,0,0
610,0.7303168,0.06964052,0.0308888,-0.2428643,0,0,0
611,0.7309702,0.06964052,0.0308888,-0.2428643,0,0,0
612,0.7316013,0.06964052,0.0308888,-0.2428643,0,0,0
613,0.7322497,0.06964052,0.0308888,-0.2428643,0,0,0
614,0.7329125,0.06964052,0.0308888,-0.2428643,0,0,0
615,0.7335677,0.06964052,0.0308888,-0.2428643,0,0,0
616,0.7342169,0.06964052,0.0308888,-0.2428643,0,0,0
617,0.7348739,0.06964052,0.0308888,-0.2428643,0,0,0
618,0.7354946,0.06964052,0.0308888,-0.2428643,0,0,0
619,0.7363275,0.06964052,0.0308888,-0.2428643,0,0,0
620,0.737113,0.06964052,0.0308888,-0.2428643,0,0,0
621,0.7378309,0.06964052,0.0308888,-0.2428643,0,0,0
622,0.7385013,0.06964052,0.0308888,-0.2428643,0,0,0
623,0.73915,0.06964052,0.0308888,-0.2428643,0,0,0
624,0.7397989,0.06964052,0.0308888,-0.2428643,0,0,0
625,0.7404488,0.06964052,0.0308888,-0.2428643,0,0,0
626,0.7412674,0.06964052,0.0308888,-0.2428643,0,0,0
627,0.7419504,0.06964052,0.0308888,-0.2428643,0,0,0
628,0.7426024,0.06964052,0.0308888,-0.2428643,0,0,0
629,0.7432339,0.06964052,0.0308888,-0.2428643,0,0,0
630,0.7438937,0.06964052,0.0308888,-0.2428643,0,0,0
631,0.7445439,0.06964052,0.0308888,-0.2428643,0,0,0
632,0.7452801,0.06964052,0.0308888,-0.2428643,0,0,0
633,0.7459513,0.06964052,0.0308888,-0.2428643,0,0,0
634,0.7466524,0.06964052,0.0308888,-0.2428643,0,0,0
635,0.7472888,0.06964052,0.0308888,-0.2428643,0,0,0
636,0.7479351,0.06964052,0.0308888,-0.2428643,0,0,0
637,0.7485936,0.06964052,0.0308888,-0.2428643,0,0,0
638,0.7492313,0.06964052,0.0308888,-0.2428643,0,0,0
639,0.7499025,0.06964052,0.0308888,-0.2428643,0,0,0
640,0.7505727,0.06964052,0.0308888,-0.2428643,0,0,0
641,0.7512746,0.06964052,0.0308888,-0.2428643,0,0,0
642,0.7520708,0.06964052,0.0308888,-0.2428643,0,0,0
643,0.7528991,0.06964052,0.0308888,-0.2428643,0,0,0
644,0.753604,0.06964052,0.0308888,-0.2428643,0,0,0
645,0.7542633,0.06964052,0.0308888,-0.2428643,0,0,0
646,0.7549047,0.06964052,0.0308888,-0.2428643,0,0,0
647,0.7556317,0.06964052,0.0308888,-0.2428643,0,0,0
648,0.7562762,0.06964052,0.0308888,-0.2428643,0,0,0
649,0.7569318,0.06964052,0.0308888,-0.2428643,0,0,0
650,0.7575541,0.06964052,0.0308888,-0.2428643,0,0,0
651,0.7581919,0.06964052,0.0308888,-0.2428643,0,0,0
652,0.7588539,0.06964052,0.0308888,-0.2428643,0,0,0
653,0.7595156,0.06964052,0.0308888,-0.2428643,0,0,0
654,0.7601333,0.06964052,0.0308888,-0.2428643,0,0,0
655,0.7608863,0.06964052,0.0308888,-0.2428643,0,0,0
656,0.7615526,0.06964052,0.0308888,-0.2428643,0,0,0
657,0.7622075,0.06964052,0.0308888,-0.2428643,0,0,0
658,0.7629151,0.06964052,0.0308888,-0.2428643,0,0,0
659,0.7636365,0.06964052,0.0308888,-0.2428643,0,0,0
660,0.7643888,0.06964052,0.0308888,-0.2428643,0,0,0
661,0.7650374,0.06964052,0.0308888,-0.2428643,0,0,0
662,0.7656988,0.06964052,0.0308888,-0.2428643,0,0,0
663,0.7663476,0.06964052,0.0308888,-0.2428643,0,0,0
664,0.7670104,0.06964052,0.0308888,-0.2428643,0,0,0
665,0.7677053,0.06964052,0.0308888,-0.2428643,0,0,0
666,0.7684258,0.06964052,0.0308888,-0.2428643,0,0,0
667,0.769121,0.06964052,0.0308888,-0.2428643,0,0,0
668,0.7697704,0.06964052,0.0308888,-0.2428643,0,0,0
669,0.7704275,0.06964052,0.0308888,-0.2428643,0,0,0
670,0.7711552,0.06964052,0.0308888,-0.2428643,0,0,0
671,0.7718185,0.06964052,0.0308888,-0.2428643,0,0,0
672,0.7727775,0.06964052,0.0308888,-0.2428643,0,0,0
673,0.7735389,0.06964052,0.0308888,-0.2428643,0,0,0
674,0.7742256,0.06964052,0.0308888,-0.2428643,0,0,0
675,0.7748982,0.06964052,0.0308888,-0.2428643,0,0,0
676,0.7755721,0.06964052,0.0308888,-0.2428643,0,0,0
677,0.7762029,0.06964052,0.0308888,-0.2428643,0,0,0
678,0.7768632,0.06964052,0.0308888,-0.2428643,0,0,0
679,0.7775212,0.06964052,0.0308888,-0.2428643,0,0,0
680,0.7781495,0.06964052,0.0308888,-0.2428643,0,0,0
681,0.7788051,0.06964052,0.0308888,-0.2428643,0,0,0
682,0.7795012,0.06964052,0.0308888,-0.2428643,0,0,0
683,0.7801559,0.06964052,0.0308888,-0.2428643,0,0,0
684,0.780968,0.06964052,0.0308888,-0.2428643,0,0,0
685,0.7816686,0.06964052,0.0308888,-0.2428643,0,0,0
686,0.7823206,0.06964052,0.0308888,-0.2428643,0,0,0
687,0.7830447,0.06964052,0.0308888,-0.2428643,0,0,0
688,0.7836999,0.06964052,0.0308888,-0.2428643,0,0,0
689,0.7843286,0.06964052,0.0308888,-0.2428643,0,0,0
690,0.7849487,0.06964052,0.0308888,-0.2428643,0,0,0
691,0.7855561,0.06964052,0.0308888,-0.2428643,0,0,0
692,0.7862057,0.06964052,0.0308888,-0.2428643,0,0,0
693,0.7868397,0.06964052,0.0308888,-0.2428643,0,0,0
694,0.7874721,0.06964052,0.0308888,-0.2428643,0,0,0
695,0.7882147,0.06964052,0.0308888,-0.2428643,0,0,0
696,0.7889377,0.06964052,0.0308888,-0.2428643,0,0,0
697,0.7895975,0.06964052,0.0308888,-0.2428643,0,0,0
698,0.7902754,0.06964052,0.0308888,-0.2428643,0,0,0
699,0.7908977,0.06964052,0.0308888,-0.2428643,0,0,0
700,0.7915501,0.06964052,0.0308888,-0.2428643,0,0,0
701,0.7921978,0.06964052,0.0308888,-0.2428643,0,0,0
702,0.7928101,0.06964052,0.0308888,-0.2428643,0,0,0
703,0.7934323,0.06964052,0.0308888,-0.2428643,0,0,0
704,0.794062,0.06964052,0.0308888,-0.2428643,0,0,0
705,0.794692,0.06964052,0.0308888,-0.2428643,0,0,0
706,0.795335,0.06964052,0.0308888,-0.2428643,0,0,0
707,0.795952,0.06964052,0.0308888,-0.2428643,0,0,0
708,0.7966115,0.06964052,0.0308888,-0.2428643,0,0,0
709,0.7972365,0.06964052,0.0308888,-0.2428643,0,0,0
710,0.7980315,0.06964052,0.0308888,-0.2428643,0,0,0
711,0.7986882,0.06964052,0.0308888,-0.2428643,0,0,0
712,0.7993481,0.06964052,0.0308888,-0.2428643,0,0,0
713,0.7999907,0.06964052,0.0308888,-0.2428643,0,0,0
714,0.8006097,0.06964052,0.0308888,-0.2428643,0,0,0
715,0.8013457,0.06964052,0.0308888,-0.2428643,0,0,0
716,0.8019944,0.06964052,0.0308888,-0.2428643,0,0,0
717,0.802628,0.06964052,0.0308888,-0.2428643,0,0,0
718,0.8032341,0.06964052,0.0308888,-0.2428643,0,0,0
719,0.8038475,0.06964052,0.0308888,-0.2428643,0,0,0
720,0.8069629,0.06964052,0.0308888,-0.2428643,0,0,0
721,0.8076679,0.06964052,0.0308888,-0.2428643,0,0,0
722,0.8083042,0.06964052,0.0308888,-0.2428643,0,0,0
723,0.8089243,0.06964052,0.0308888,-0.2428643,0,0,0
724,0.8095353,0.06964052,0.0308888,-0.2428643,0,0,0
725,0.8101348,0.06964052,0.0308888,-0.2428643,0,0,0
726,0.8107586,0.06964052,0.0308888,-0.2428643,0,0,0
727,0.811399,0.06964052,0.0308888,-0.2428643,0,0,0
728,0.8120154,0.06964052,0.0308888,-0.2428643,0,0,0
729,0.8126892,0.06964052,0.0308888,-0.2428643,0,0,0
730,0.8133532,0.06964052,0.0308888,-0.2428643,0,0,0
731,0.814003,0.06964052,0.0308888,-0.2428643,0,0,0
732,0.8146545,0.06964052,0.0308888,-0.2428643,0,0,0
733,0.8152854,0.06964052,0.0308888,-0.2428643,0,0,0
734,0.8159401,0.06964052,0.0308888,-0.2428643,0,0,0
735,0.8166196,0.06964052,0.0308888,-0.2428643,0,0,0
736,0.8172511,0.06964052,0.0308888,-0.2428643,0,0,0
737,0.8178627,0.06964052,0.0308888,-0.2428643,0,0,0
738,0.818495,0.06964052,0.0308888,-0.2428643,0,0,0
739,0.8191592,0.06964052,0.0308888,-0.2428643,0,0,0
740,0.8198024,0.06964052,0.0308888,-0.2428643,0,0,0
741,0.8204269,0.06964052,0.0308888,-0.2428643,0,0,0
742,0.8211825,0.06964052,0.0308888,-0.2428643,0,0,0
743,0.8218166,0.06964052,0.0308888,-0.2428643,0,0,0
744,0.8224429,0.06964052,0.0308888,-0.2428643,0,0,0
745,0.8230474,0.06964052,0.0308888,-0.2428643,0,0,0
746,0.823667,0.06964052,0.0308888,-0.2428643,0,0,0
747,0.8242736,0.06964052,0.0308888,-0.2428643,0,0,0
748,0.824912,0.06964052,0.0308888,-0.2428643,0,0,0
749,0.8255693,0.06964052,0.0308888,-0.2428643,0,0,0
750,0.8261924,0.06964052,0.0308888,-0.2428643,0,0,0
751,0.8268441,0.06964052,0.0308888,-0.2428643,0,0,0
752,0.8275672,0.06964052,0.0308888,-0.2428643,0,0,0
753,0.8281945,0.06964052,0.0308888,-0.2428643,0,0,0
754,0.8288232,0.06964052,0.0308888,-0.2428643,0,0,0
755,0.8294547,0.06964052,0.0308888,-0.2428643,0,0,0
756,0.830064,0.06964052,0.0308888,-0.2428643,0,0,0
757,0.8306718,0.06964052,0.0308888,-0.2428643,0,0,0
758,0.8312775,0.06964052,0.0308888,-0.2428643,0,0,0
759,0.8319251,0.06964052,0.0308888,-0.2428643,0,0,0
760,0.8325568,0.06964052,0.0308888,-0.2428643,0,0,0
761,0.8331853,0.06964052,0.0308888,-0.2428643,0,0,0
762,0.8338373,0.06964052,0.0308888,-0.2428643,0,0,0
763,0.8344665,0.06964052,0.0308888,-0.2428643,0,0,0
764,0.8351281,0.06964052,0.0308888,-0.2428643,0,0,0
765,0.8357895,0.06964052,0.0308888,-0.2428643,0,0,0
766,0.8364174,0.06964052,0.0308888,-0.2428643,0,0,0
767,0.8370566,0.06964052,0.0308888,-0.2428643,0,0,0
768,0.8377037,0.06964052,0.0308888,-0.2428643,0,0,0
769,0.838351,0.06964052,0.0308888,-0.2428643,0,0,0
770,0.839008,0.06964052,0.0308888,-0.2428643,0,0,0
771,0.8441811,0.06977995,0.03265154,-0.2435859,0.02690763,0.02690763,-0.01177932
772,0.8460782,0.06977995,0.03265154,-0.2435859,0.02657378,0.02657378,-0.01114171
773,0.8471647,0.06977995,0.03265154,-0.2435859,0.02657378,0.02657378,-0.01114171
774,0.8477995,0.06977995,0.03265154,-0.2435859,0.02657378,0.02657378,-0.01114171
775,0.8484285,0.06977995,0.03265154,-0.2435859,0.02657378,0.02657378,-0.01114171
776,0.8490662,0.06977995,0.03265154,-0.2435859,0.02657378,0.02657378,-0.01114171
777,0.8496819,0.06977995,0.03265154,-0.2435859,0.02657378,0.02657378,-0.01114171
778,0.850309,0.06977995,0.03265154,-0.2435859,0.02657378,0.02657378,-0.01114171
779,0.8509319,0.06977995,0.03265154,-0.2435859,0.02657378,0.02657378,-0.01114171
780,0.851561,0.06977995,0.03265154,-0.2435859,0.02657378,0.02657378,-0.01114171
781,0.8522063,0.06977995,0.03265154,-0.2435859,0.02657378,0.02657378,-0.01114171
782,0.852856,0.06977995,0.03265154,-0.2435859,0.02657378,0.02657378,-0.01114171
783,0.853528,0.06977995,0.03265154,-0.2435859,0.02657378,0.02657378,-0.01114171
784,0.8541707,0.06977995,0.03265154,-0.2435859,0.02657378,0.02657378,-0.01114171
785,0.8548168,0.06977995,0.03265154,-0.2435859,0.02657378,0.02657378,-0.01114171
786,0.8554487,0.06977995,0.03265154,-0.2435859,0.02657378,0.02657378,-0.01114171
787,0.8560821,0.06977995,0.03265154,-0.2435859,0.02657378,0.02657378,-0.01114171
788,0.8567013,0.06977995,0.03265154,-0.2435859,0.02657378,0.02657378,-0.01114171
789,0.8575746,0.06977995,0.03265154,-0.2435859,0.02657378,0.02657378,-0.01114171
790,0.8582837,0.06977995,0.03265154,-0.2435859,0.02657378,0.02657378,-0.01114171
791,0.859064,0.06977995,0.03265154,-0.2435859,0.02657378,0.02657378,-0.01114171
792,0.8596941,0.06977995,0.03265154,-0.2435859,0.02657378,0.02657378,-0.01114171
793,0.8603064,0.06977995,0.03265154,-0.2435859,0.02657378,0.02657378,-0.01114171
794,0.8611474,0.06977995,0.03265154,-0.2435859,0.02657378,0.02657378,-0.01114171
795,0.8618034,0.06977995,0.03265154,-0.2435859,0.02657378,0.02657378,-0.01114171
796,0.8625315,0.06977995,0.03265154,-0.2435859,0.02657378,0.02657378,-0.01114171
797,0.8632513,0.06977995,0.03265154,-0.2435859,0.02657378,0.02657378,-0.01114171
798,0.863955,0.06977995,0.03265154,-0.2435859,0.02657378,0.02657378,-0.01114171
799,0.8647281,0.06977995,0.03265154,-0.2435859,0.02657378,0.02657378,-0.01114171
800,0.8654273,0.06977995,0.03265154,-0.2435859,0.02657378,0.02657378,-0.01114171
801,0.866093,0.06977995,0.03265154,-0.2435859,0.02657378,0.02657378,-0.01114171
802,0.8667717,0.06977995,0.03265154,-0.2435859,0.02657378,0.02657378,-0.01114171
803,0.8675469,0.06977995,0.03265154,-0.2435859,0.02657378,0.02657378,-0.01114171
804,0.868545,0.06977995,0.03265154,-0.2435859,0.02657378,0.02657378,-0.01114171
805,0.8693956,0.06977995,0.03265154,-0.2435859,0.02657378,0.02657378,-0.01114171
806,0.8700387,0.06977995,0.03265154,-0.2435859,0.02657378,0.02657378,-0.01114171
807,0.8706613,0.06977995,0.03265154,-0.2435859,0.02657378,0.02657378,-0.01114171
808,0.8712938,0.06977995,0.03265154,-0.2435859,0.02657378,0.02657378,-0.01114171
809,0.8719043,0.06977995,0.03265154,-0.2435859,0.02657378,0.02657378,-0.01114171
810,0.8726709,0.06977995,0.03265154,-0.2435859,0.02657378,0.02657378,-0.01114171
811,0.8765617,0.06977995,0.03265154,-0.2435859,0.02657378,0.02657378,-0.01114171
812,0.8775334,0.06977995,0.03265154,-0.2435859,0.02657378,0.02657378,-0.01114171
813,0.8783995,0.06977995,0.03265154,-0.2435859,0.02657378,0.02657378,-0.01114171
814,0.8793544,0.06977995,0.03265154,-0.2435859,0.02657378,0.02657378,-0.01114171
815,0.8801866,0.06977995,0.03265154,-0.2435859,0.02657378,0.02657378,-0.01114171
816,0.8811618,0.06977995,0.03265154,-0.2435859,0.02657378,0.02657378,-0.01114171
817,0.8820602,0.06977995,0.03265154,-0.2435859,0.02657378,0.02657378,-0.01114171
818,0.8828636,0.06977995,0.03265154,-0.2435859,0.02657378,0.02657378,-0.01114171
819,0.8837369,0.06977995,0.03265154,-0.2435859,0.02657378,0.02657378,-0.01114171
820,0.8846336,0.06977995,0.03265154,-0.2435859,0.02657378,0.02657378,-0.01114171
821,0.8854602,0.06977995,0.03265154,-0.2435859,0.02657378,0.02657378,-0.01114171
822,0.8863879,0.06977995,0.03265154,-0.2435859,0.02657378,0.02657378,-0.01114171
823,0.8872994,0.06977995,0.03265154,-0.2435859,0.02657378,0.02657378,-0.01114171
824,0.8881443,0.06977995,0.03265154,-0.2435859,0.02657378,0.02657378,-0.01114171
825,0.8891308,0.06977995,0.03265154,-0.2435859,0.02657378,0.02657378,-0.01114171
826,0.8901277,0.06977995,0.03265154,-0.2435859,0.02657378,0.02657378,-0.01114171
827,0.8910029,0.06977995,0.03265154,-0.2435859,0.02657378,0.02657378,-0.01114171
828,0.8918708,0.06977995,0.03265154,-0.2435859,0.02657378,0.02657378,-0.01114171
829,0.8927442,0.06977995,0.03265154,-0.2435859,0.02657378,0.02657378,-0.01114171
830,0.8936676,0.06977995,0.03265154,-0.2435859,0.02657378,0.02657378,-0.01114171
831,0.8945497,0.06977995,0.03265154,-0.2435859,0.02657378,0.02657378,-0.01114171
832,0.8954797,0.06977995,0.03265154,-0.2435859,0.02657378,0.02657378,-0.01114171
833,0.8964066,0.06977995,0.03265154,-0.2435859,0.02657378,0.02657378,-0.01114171
834,0.8973164,0.06977995,0.03265154,-0.2435859,0.02657378,0.02657378,-0.01114171
835,0.8982163,0.06977995,0.03265154,-0.2435859,0.02657378,0.02657378,-0.01114171
836,0.8991452,0.06977995,0.03265154,-0.2435859,0.02657378,0.02657378,-0.01114171
837,0.8999414,0.06977995,0.03265154,-0.2435859,0.02657378,0.02657378,-0.01114171
838,0.9008133,0.06977995,0.03265154,-0.2435859,0.02657378,0.02657378,-0.01114171
839,0.901896,0.06977995,0.03265154,-0.2435859,0.02657378,0.02657378,-0.01114171
840,0.90288,0.06977995,0.03265154,-0.2435859,0.02657378,0.02657378,-0.01114171
841,0.903777,0.06977995,0.03265154,-0.2435859,0.02657378,0.02657378,-0.01114171
842,0.9046314,0.06977995,0.03265154,-0.2435859,0.02657378,0.02657378,-0.01114171
843,0.9056771,0.06977995,0.03265154,-0.2435859,0.02657378,0.02657378,-0.01114171
844,0.9065524,0.06977995,0.03265154,-0.2435859,0.02657378,0.02657378,-0.01114171
845,0.9075563,0.06977995,0.03265154,-0.2435859,0.02657378,0.02657378,-0.01114171
846,0.9084908,0.06977995,0.03265154,-0.2435859,0.02657378,0.02657378,-0.01114171
847,0.9093449,0.06977995,0.03265154,-0.2435859,0.02657378,0.02657378,-0.01114171
848,0.9102943,0.06977995,0.03265154,-0.2435859,0.02657378,0.02657378,-0.01114171
849,0.911169,0.06977995,0.03265154,-0.2435859,0.02657378,0.02657378,-0.01114171
850,0.9120305,0.06977995,0.03265154,-0.2435859,0.02657378,0.02657378,-0.01114171
851,0.9130038,0.06977995,0.03265154,-0.2435859,0.02657378,0.02657378,-0.01114171
852,0.9137484,0.06977995,0.03265154,-0.2435859,0.02657378,0.02657378,-0.01114171
853,0.9145356,0.06977995,0.03265154,-0.2435859,0.02657378,0.02657378,-0.01114171
854,0.9153116,0.06977995,0.03265154,-0.2435859,0.02657378,0.02657378,-0.01114171
855,0.9162,0.06977995,0.03265154,-0.2435859,0.02657378,0.02657378,-0.01114171
856,0.9170132,0.06977995,0.03265154,-0.2435859,0.02657378,0.02657378,-0.01114171
857,0.9177532,0.06977995,0.03265154,-0.2435859,0.02657378,0.02657378,-0.01114171
858,0.9186135,0.06977995,0.03265154,-0.2435859,0.02657378,0.02657378,-0.01114171
859,0.9194025,0.06977995,0.03265154,-0.2435859,0.02657378,0.02657378,-0.01114171
860,0.9200881,0.06977995,0.03265154,-0.2435859,0.02657378,0.02657378,-0.01114171
861,0.9209358,0.06977995,0.03265154,-0.2435859,0.02657378,0.02657378,-0.01114171
862,0.9217408,0.06977995,0.03265154,-0.2435859,0.02657378,0.02657378,-0.01114171
863,0.9224967,0.06977995,0.03265154,-0.2435859,0.02657378,0.02657378,-0.01114171
864,0.9232596,0.06977995,0.03265154,-0.2435859,0.02657378,0.02657378,-0.01114171
865,0.9240682,0.06977995,0.03265154,-0.2435859,0.02657378,0.02657378,-0.01114171
866,0.9247468,0.06977995,0.03265154,-0.2435859,0.02657378,0.02657378,-0.01114171
867,0.9255181,0.06977995,0.03265154,-0.2435859,0.02657378,0.02657378,-0.01114171
868,0.9262407,0.06977995,0.03265154,-0.2435859,0.02657378,0.02657378,-0.01114171
869,0.9269172,0.06977995,0.03265154,-0.2435859,0.02657378,0.02657378,-0.01114171
870,0.9276107,0.06977995,0.03265154,-0.2435859,0.02657378,0.02657378,-0.01114171
871,0.9283245,0.06977995,0.03265154,-0.2435859,0.02657378,0.02657378,-0.01114171
872,0.9290814,0.06977995,0.03265154,-0.2435859,0.02657378,0.02657378,-0.01114171
873,0.9297059,0.06977995,0.03265154,-0.2435859,0.02657378,0.02657378,-0.01114171
874,0.9303328,0.06977995,0.03265154,-0.2435859,0.02657378,0.02657378,-0.01114171
875,0.9309387,0.06977995,0.03265154,-0.2435859,0.02657378,0.02657378,-0.01114171
876,0.9315575,0.06977995,0.03265154,-0.2435859,0.02657378,0.02657378,-0.01114171
877,0.932184,0.06977995,0.03265154,-0.2435859,0.02657378,0.02657378,-0.01114171
878,0.9328309,0.06977995,0.03265154,-0.2435859,0.02657378,0.02657378,-0.01114171
879,0.9334878,0.06977995,0.03265154,-0.2435859,0.02657378,0.02657378,-0.01114171
880,0.9341015,0.06977995,0.03265154,-0.2435859,0.02657378,0.02657378,-0.01114171
881,0.9347111,0.06977995,0.03265154,-0.2435859,0.02657378,0.02657378,-0.01114171
882,0.9385014,0.06977995,0.03265154,-0.2435859,0.02657378,0.02657378,-0.01114171
